{
    "model_graduation": {
        "accuracy": 0.958,
        "confusion_matrix": [
            [
                705,
                16
            ],
            [
                26,
                253
            ]
        ],
        "classes": [
            "Tepat Waktu",
            "Tidak Tepat Waktu"
        ],
        "classification_report": {
            "Tepat Waktu": {
                "precision": 0.9644322845417237,
                "recall": 0.9778085991678225,
                "f1-score": 0.9710743801652892,
                "support": 721.0
            },
            "Tidak Tepat Waktu": {
                "precision": 0.9405204460966543,
                "recall": 0.9068100358422939,
                "f1-score": 0.9233576642335767,
                "support": 279.0
            },
            "accuracy": 0.958,
            "macro avg": {
                "precision": 0.952476365319189,
                "recall": 0.9423093175050582,
                "f1-score": 0.947216022199433,
                "support": 1000.0
            },
            "weighted avg": {
                "precision": 0.9577608816155494,
                "recall": 0.958,
                "f1-score": 0.9577614164203414,
                "support": 1000.0
            }
        },
        "feature_importance": [
            [
                "IPK",
                0.3307272930955316
            ],
            [
                "IPS_Terakhir",
                0.3028042090318492
            ],
            [
                "SKS_Lulus",
                0.07780710245273187
            ],
            [
                "Persentase_Kehadiran",
                0.06921528484165688
            ],
            [
                "Skor_Softskill",
                0.02890010500066798
            ],
            [
                "Jumlah_Sertifikasi",
                0.026896273717565266
            ],
            [
                "Aktivitas_Sosial_Skor",
                0.0215919231068015
            ],
            [
                "Dukungan_Keluarga",
                0.02073625634390371
            ],
            [
                "Pengalaman_Magang_Tidak",
                0.019013055513464418
            ],
            [
                "Pengalaman_Magang_Ya",
                0.01733325800848607
            ],
            [
                "Jumlah_Organisasi",
                0.016892389318923073
            ],
            [
                "Kualitas_Akses_Internet_Kurang",
                0.011619047572160132
            ],
            [
                "Kualitas_Akses_Internet_Cukup",
                0.006327631858789624
            ],
            [
                "Kondisi_Ekonomi_Menengah",
                0.00576038164683299
            ],
            [
                "Status_Pekerjaan_Tidak Bekerja",
                0.005698377205172449
            ]
        ]
    },
    "model_career": {
        "accuracy": 0.26,
        "confusion_matrix": [
            [
                0,
                0,
                10,
                1,
                0,
                0,
                0,
                0,
                0,
                0,
                0,
                5,
                0,
                4
            ],
            [
                0,
                13,
                0,
                0,
                0,
                0,
                14,
                2,
                0,
                0,
                24,
                17,
                0,
                1
            ],
            [
                1,
                0,
                36,
                30,
                0,
                0,
                0,
                9,
                0,
                0,
                0,
                5,
                0,
                5
            ],
            [
                1,
                0,
                29,
                28,
                0,
                0,
                0,
                0,
                0,
                0,
                0,
                9,
                0,
                5
            ],
            [
                0,
                0,
                0,
                0,
                9,
                12,
                0,
                1,
                21,
                3,
                0,
                0,
                4,
                0
            ],
            [
                0,
                0,
                0,
                0,
                6,
                50,
                0,
                1,
                30,
                4,
                0,
                0,
                8,
                0
            ],
            [
                0,
                11,
                0,
                0,
                0,
                0,
                8,
                10,
                0,
                0,
                18,
                11,
                0,
                3
            ],
            [
                0,
                8,
                8,
                2,
                1,
                19,
                8,
                26,
                8,
                0,
                9,
                8,
                3,
                3
            ],
            [
                0,
                0,
                0,
                0,
                6,
                40,
                0,
                1,
                20,
                1,
                0,
                0,
                8,
                0
            ],
            [
                0,
                0,
                0,
                0,
                1,
                22,
                0,
                0,
                10,
                2,
                0,
                0,
                3,
                0
            ],
            [
                0,
                22,
                0,
                0,
                0,
                0,
                10,
                0,
                0,
                0,
                34,
                17,
                0,
                2
            ],
            [
                1,
                11,
                29,
                15,
                0,
                0,
                7,
                2,
                0,
                0,
                34,
                16,
                0,
                5
            ],
            [
                0,
                0,
                0,
                0,
                8,
                20,
                0,
                0,
                12,
                1,
                0,
                0,
                6,
                0
            ],
            [
                0,
                12,
                9,
                8,
                0,
                0,
                5,
                2,
                0,
                0,
                10,
                14,
                0,
                12
            ]
        ],
        "classes": [
            "Content Strategist",
            "Data Analyst",
            "Digital Marketing",
            "E-Commerce",
            "Human Resource",
            "Industri Manajemen",
            "Industri Teknologi",
            "Lanjut Studi",
            "Marketing",
            "Pemerintahan",
            "Software Developer",
            "Startup",
            "Wirausaha",
            "Wirausaha Digital"
        ],
        "classification_report": {
            "Content Strategist": {
                "precision": 0.0,
                "recall": 0.0,
                "f1-score": 0.0,
                "support": 20.0
            },
            "Data Analyst": {
                "precision": 0.16883116883116883,
                "recall": 0.18309859154929578,
                "f1-score": 0.17567567567567569,